Name,City,State,Manager,"Vintage Year","Fund Size","Average Investment","Investment Strategy","Fund Style","Making New Investments?","Investor Relations Name","Investor Relations Email","Investor Relations Phone"
"1st Source Capital Corporation","South Bend",IN,"1st Source Capital Corporation",1983,2850000,283740,"Direct Lending",Venture,No,"Ryan Fenstermaker",fenstermakerr@1stsource.com,574-235-2180
"AAVIN Capital III, LP","Cedar Rapids",IA,"AAVIN Private Equity",2022,241950000,12000000,Buyout,"Private Equity",Yes,"James D. Thorp",jthorp@aavin.com,"(319) 247-1072"
"Abacus Finance SBIC Fund I, L.P.","New York",NY,"Abacus Finance Group, LLC",2024,87051102,,"Direct Lending","Private Credit",Yes,"Seth Friedman",friedmans@abacusfinance.com,212-850-4629
"AE Ventures Fund III, LP","Boca Raton",FL,"AE Industrial Partners - AE Ventures",2025,35000000,,"Balanced Venture",Venture,Yes,"Lauren Graupman",lgraupman@aeroequity.com,561-372-0908
"Aldine Capital Fund II, L.P.",Chicago,IL,"Aldine Capital Partners",2013,46759282,1346803,Mezzanine,Hybrid,No,"Steve Groya",sgroya@aldinecapital.com,312-346-1006
"Aldine Capital Fund II, LP",Chicago,IL,"Aldine Capital Partners",2013,28745150,,Mezzanine,"Private Credit",Yes,"Michael Revord",mrevord@aldinecapital.com,"(312) 346-1006"
"Aldine Capital Fund III, LP",Chicago,IL,"Aldine Capital Partners",2019,185866570,4415203,Mezzanine,"Private Equity",No,"Steven Groya",sgroya@aldinecapital.com,"(312) 346-1006"
"Aldine Capital Fund IV, LP",Chicago,IL,"Aldine Capital Partners",2022,170220000,4000829,Mezzanine,"Private Equity",Yes,"Eric McClintock",emcclintock@aldinecapital.com,"(312) 346-1002"
"Altimer Capital Private Credit Fund I-A, LP",Boston,MA,"Altimer Capital A, LP",2025,22000000,,"Direct Lending","Private Credit",Yes,"Natasha Fox",natasha@altimercapital.com,617-274-1280
"Argentum Capital Partners III, L.P.","New York",NY,"Argentum Fund Management, LLC",2014,87934000,1444665,"Hybrid Debt/Equity",Hybrid,No,"Steven Berman",sdberman@argentumgroup.com,212-949-8511
"Argentum Capital Partners III, LP","New York",NY,"Argentum Fund Management, LLC",2015,57734000,,"Growth Equity","Growth Equity",Yes,"Steven Berman",sdberman@argentumgroup.com,"(212) 949-8511"
"Argentum Capital Partners IV, L.P.","New York",NY,"Argentum Fund Management, LLC",2020,198291250,4463944,"Hybrid Debt/Equity",Hybrid,Yes,"Steven Berman",sdberman@argentumgroup.com,212-949-8511
"Argentum Capital Partners IV, LP","New York",NY,"Argentum Fund Management, LLC",2020,99570000,,"Growth Equity","Private Equity",Yes,"Steven Berman",sdberman@argentumgroup.com,"(212) 949-8511"
"Argosy Investment Partners IV, L.P.",Wayne,PA,"Argosy Private Equity",2009,57927487,812487,"Hybrid Debt/Equity",Hybrid,No,"Kirk Griswold",kirk@argosycapital.com,"(610) 971-9685"
"Argosy Investment Partners SBIC 7, L.P.",Wayne,PA,"Argosy Management LP",2025,175000000,,Mezzanine,"Private Equity",Yes,"Lane Wiggers",lwiggers@argosycapital.com,610-971-9685
"Argosy Investment Partners SBIC VI, L.P.",Wayne,PA,"Argosy Private Equity",2020,350000000,10657699,Buyout,"Private Equity",Yes,"Michael Bailey",mbailey@argosycapital.com,"(610) 971-9685"
"Argosy Investment Partners V, L.P.",Wayne,PA,"Argosy Private Equity",2014,61696171,4411110,Buyout,"Private Equity",No,"Kirk Griswold",kirk@argosycapital.com,"(610) 971-9685"
"Avante Capital Partners SBIC III, L.P.","Los Angeles",CA,"Avante Capital Partners",2021,253882884,3276421,"Direct Lending","Private Credit",Yes,"Brianna Wener",brianna@avantecap.com,"(310) 667-9242"
"Avante Capital Partners SBIC III-A, L.P.","Los Angeles",CA,"Avante Capital Partners",2021,138810858,1102258,"Direct Lending",Hybrid,Yes,"Brianna Wener",brianna@avantecap.com,"(310) 667-9242"
"Avante Capital Partners SBIC IV, L.P.","Los Angeles",CA,"Avante Capital Partners",2025,41850000,,"Direct Lending","Private Credit",Yes,"Gladys Cordova",gladys@avantecap.com,"(310) 667-9242"
"Avante Mezzanine Partners SBIC II, L.P.","Los Angeles",CA,"Avante Capital Partners",2015,121327040,3894559,"Direct Lending","Private Credit",No,"Brianna Wener",brianna@avantecap.com,"(310) 667-9242"
"Avante Mezzanine Partners SBIC, L.P.","Los Angeles",CA,"Avante Capital Partners",2010,17992461,3387378,Mezzanine,"Private Credit",No,"Brianna Wener",brianna@avantecap.com,"(310) 667-9242"
"Balance Point Capital Partners II, L.P.",Westport,CT,"Balance Point Capital",2015,103036478,3431865,Multiple,"Private Credit",No,"Seth Alvord",salvord@balancepointcapital.com,"(203) 652-8255"
"Balance Point Capital Partners IV, L.P.",Westport,CT,"Balance Point Capital",2020,281313131,6052793,Mezzanine,"Private Credit",Yes,"Seth Alvord",salvord@balancepointcapital.com,"(203) 652-8255"
"Balance Point Capital Partners VII, L.P.",Westport,CT,"Balance Point Capital Advisors, LLC",2025,226320000,,Mezzanine,"Private Credit",Yes,"Seth Alvord",salvord@balancepointcapital.com,203-652-8255
"Ballast Point Ventures III, L.P.",Tampa,FL,"BPV Management, LLC",2014,96319250,1807236,Venture,Venture,No,"Paul Johan",pjohan@ballastpointventures.com,813-906-8500
"Ballast Point Ventures III, LP","St. Petersburg",FL,"BPV Management, LLC",2014,160765000,,"Growth Equity","Private Equity",Yes,"Paul Johan",pjohan@ballastpointventures.com,"(813) 906-8500"
"Ballast Point Ventures IV, L.P.",Tampa,FL,"BPV Management, LLC",2021,171492000,3784225,Venture,Venture,Yes,"Paul Johan",pjohan@ballastpointventures.com,813-906-8500
"Ballast Point Ventures IV, LP",Tampa,FL,"BPV Management, LLC",2021,190000000,,"Growth Equity","Private Equity",Yes,"Paul Johan",pjohan@ballastpointventures.com,"(813) 906-8500"
"Barings Small Business Fund II, LP",Charlotte,NC,Barings,2025,50560195,,Mezzanine,"Private Credit",Yes,"Scott Chappell",scott.chappell@barings.com,980-433-2657
"Barings Small Business Fund, L.P.",Charlotte,NC,Barings,2021,206312029,1823809,Mezzanine,Hybrid,Yes,"Scott Chappell",schappell@babsoncapital.com,"(704) 805-7671"
"Bayview Capital Partners III LP",Minnetonka,MN,"Tonka Bay Equity Partners LLC",2012,54701250,754165,Buyout,"Private Equity",No,"Shane Slominski",sslominski@tonkabayequity.com,"(952) 345-2032"
"Bayview Capital Partners IV LP",Minnetonka,MN,"Tonka Bay Equity Partners LLC",2020,158625000,3914500,Buyout,"Private Equity",Yes,"Steven Soderling",ssoderling@tonkabayequity.com,"(952) 345-2031"
"BBK Ventures Fund I, LP",Dallas,TX,"BBK Ventures GP, LLC",2024,206657500,,Multiple,"Fund of Funds",Yes,"Nick Breedlove",nick@bbkcap.com,619-410-3334
"BIP III SBIC, LP",McLean,VA,"Bluestone Investment Manager, LLC",2024,75000000,13500000,Buyout,"Private Equity",Yes,"John Allen",jallen@bluestoneinv.com,202-251-3646
"Blue Sage Capital II, L.P.",Austin,TX,"Blue Sage Capital",2013,56102997,3783832,"Hybrid Debt/Equity",Hybrid,No,"Alan Mire",alan.mire@bluesage.com,"(512) 536-1902"
"Blue Sage Strategic Credit Fund, L.P.",Austin,TX,"Blue Sage Capital",2025,112037667,,"Hybrid Debt/Equity",Hybrid,Yes,"Peter Huff",peter.huff@bluesage.com,512-536-1902
"Bluehenge Capital SBIC II, L.P.","Baton Rouge",LA,"Bluehenge Capital Partners",2022,122850000,6645186,Mezzanine,"Private Credit",Yes,"Ari Kocen",adkocen@bluehenge.com,"(225) 615-3348"
"Bluehenge Capital SBIC III, L.P.","Baton Rouge",LA,"Bluehenge Capital Management, LLC",2025,57570000,,Mezzanine,"Private Credit",Yes,"Ari Kocen",adkocen@bluehenge.com,225-615-3348
"Bluehenge Capital SBIC III, LP","Baton Rouge",LA,"Bluehenge Capital Management, LLC",2025,37375000,,Mezzanine,"Private Credit",Yes,"Ari Kocen",adkocen@bluehenge.com,225-615-3348
"Bluehenge Capital Secured Debt SBIC, LP","New York",LA,"Bluehenge Capital Partners",2015,82344882,2735719,Mezzanine,"Private Credit",No,"Ari Kocen",adkocen@bluehenge.com,"(225) 615-3348"
"Bluhaus Small Business Fund II, LP",Guaynabo,PR,"Bluhaus Capital",2024,20024876,,Multiple,Hybrid,Yes,"Eduardo Inclan",einclan@bhcapllc.com,787-708-6747
"Bluhaus Small Business Fund, L.P.","San Juan",PR,"Bluhaus Capital",2020,50625000,1565345,Buyout,"Private Credit",Yes,"Eduardo Inclan",einclan@bhcapllc.com,"(787) 708-6747"
"Boathouse Capital II LP",Wayne,PA,"Boathouse Capital",2014,143816861,1705764,"Hybrid Debt/Equity",Hybrid,No,"Kenneth Jones",ken.jones@boathousecapital.com,"(610) 977-2787"
"Boathouse Capital III LP",Wayne,PA,"Boathouse Capital",2021,298000000,4746158,"Hybrid Debt/Equity",Hybrid,Yes,"Brian Adamsky",brian.adamsky@boathousecapital.com,"(610) 263-2818"
"Boathouse Capital IV LP",Berwyn,PA,"Boathouse Capital",2025,60500000,,"Hybrid Debt/Equity",Hybrid,Yes,"Brian Adamsky",brian.adamsky@boathousecapital.com,610-977-2788
"Boathouse Capital LP",Wayne,PA,"Boathouse Capital",2010,23451403,726437,Mezzanine,Hybrid,No,"Kenneth Jones",ken.jones@boathousecapital.com,"(610) 977-2787"
"BRC Fund IV, LP",Minnetonka,MN,"Brass Ring Capital, Inc.",2025,35523948,,Buyout,"Private Equity",Yes,"William Grindell",wlg@brassringcapital.com,612-844-2683
"Brightwood Capital SBIC III, L.P.","New York",NY,"Brightwood Capital",2022,190030000,3106828,"Direct Lending","Private Credit",Yes,"Sengal Selassie",selassie@brightwoodlp.com,"(646) 957-9534"
"Brightwood Capital SBIC IV, LP","New York",NY,"Brightwood Capital Advisors, LLC",2025,175000000,,"Direct Lending","Private Credit",Yes,"Sengal Selassie",selassie@brightwoodlp.com,646-957-9525
"Brookside Capital Fund V SBIC, L.P.",Stamford,CT,"Brookside Capital Partners",2023,350560000,3484636,Mezzanine,"Private Credit",Yes,"Corey Sclar",csclar@brooksidecp.com,"(203) 595-4530"
"Brookside Mezzanine Fund III, L.P.",Stamford,CT,"Brookside Capital Partners",2013,95115278,2533525,Mezzanine,"Private Credit",No,"David Buttolph",dbuttolph@brooksidecp.com,"(203) 595-4530"
"Brookside Mezzanine Fund IV, L.P.",Stamford,CT,"Brookside Capital Partners",2019,371965000,3709804,Mezzanine,"Private Credit",No,"Corey Sclar",csclar@brooksidecp.com,"(203) 595-4530"
"BSCP SBIC I, LP",Alexandria,VA,"Boundary Street Capital",2020,329108214,6913770,"Direct Lending","Private Credit",Yes,"Rashad Kawmy",rashad@boundarystreetcapital.com,"(703) 837-6021"
"BSCP SBIC II, LP",Alexandria,VA,"Boundary Street Capital",2023,113411998,5762500,"Direct Lending","Private Credit",Yes,"Rashad Kawmy",rashad@boundarystreetcapital.com,"(703) 837-6021"
"BY Capital 3 (US), LP","Little Rock",AR,"BlueYard Capital",2026,30000000,,Venture,Venture,Yes,"David Byrd",david@blueyard.com,408-857-4330
"C3 Capital Partners II, L.P.","Kansas City",MO,"C3 Capital, LLC",2008,52445000,115243,Mezzanine,Hybrid,No,"Julie Webb",jwebb@c3cap.com,"(816) 756-2225"
"C3 Capital Partners III, L.P.","Kansas City",MO,"C3 Capital, LLC",2012,59850857,547903,Mezzanine,Hybrid,No,"Julie Webb",jwebb@c3cap.com,"(816) 756-2225"
"C3 Capital Partners, LP","Kansas City",MO,"C3 Capital, LLC",2004,18257778,100655,Mezzanine,Hybrid,No,"Julie Webb",jwebb@c3cap.com,"(816) 756-2225"
"Caltius Equity Partners V, LP","Los Angeles",CA,"Caltius Structured Capital",2025,106825000,,Multiple,"Private Equity",Yes,"James Upchurch",jupchurch@caltius.com,310-996-9585
"Caltius Partners V (SBIC), L.P.","Los Angeles",CA,"Caltius Structured Capital",2016,139500000,4990952,Mezzanine,Hybrid,No,"James B. Upchurch",jupchurch@caltius.com,310-996-9572
"Caltius Partners V (SBIC), LP","Los Angeles",CA,"Caltius Structured Capital",2016,78675000,,Multiple,"Private Credit",Yes,"James Upchurch",jupchurch@caltius.com,"(310) 996-9572"
"Caltius Partners VI (SBIC), L.P.","Los Angeles",CA,"Caltius Structured Capital",2022,249090000,5220646,Mezzanine,Hybrid,Yes,"James Upchurch",jupchurch@caltius.com,310-996-9572
"Cambridge Ventures, LP",Indianapolis,IN,"Cambridge Ventures, Inc.",1991,5874104,352857,Venture,Venture,Yes,"Jean Wojtowicz",jwojtowicz@cambridgecapitalmgmt.com,"(317) 814-6192"
"Canapi Ventures SBIC Fund II, L.P.",Washington,DC,"Canapi Ventures",2022,269607907,2643736,"Balanced Venture",Venture,Yes,"Walker Forehand",sara@canapi.com,202-315-1818
"Canapi Ventures SBIC Fund II, LP",Washington,DC,"Canapi Ventures",2022,272334119,,Venture,Hybrid,Yes,"Walker Forehand",walker.forehand@canapi.com,(202)315-1818
"Canapi Ventures SBIC Fund, L.P.",Washington,DC,"CenterHarbor Canapi Ventures Investment Advisors LLC",2020,524335318,8021693,Venture,Venture,Yes,"Walker Forehand",walker.forehand@canapi.com,(202)315-1818
"Capital Alignment Partners IV-A, L.P.",Nashville,TN,"Capital Alignment Partners",2023,204068748,5388921,Mezzanine,"Private Equity",Yes,"Burton Harvey",bharvey@capfunds.com,"(615) 915-1098"
"Capital Alignment Partners IV-B, L.P.",Nashville,TN,"Capital Alignment Partners",2023,84662500,1765354,Mezzanine,Hybrid,Yes,"Burton Harvey",bharvey@capfunds.com,615-915-1098
"Capital Alignment Partners IV-B, LP.",Nashville,TN,"Capital Alignment Partners",2023,84763157,,"Hybrid Debt/Equity","Private Credit",Yes,"Burton Harvey",bharvey@capfunds.com,"(615) 915-1098"
"Capital Southwest SBIC I, L.P.",Dallas,TX,"Capital Southwest Corporation",2021,217500000,5773137,"Direct Lending","Private Credit",Yes,"Michael Sarner",msarner@capitalsouthwest.com,"(214) 238-5700"
"Capital Southwest SBIC II, LP",Dallas,TX,"Capital Southwest Corporation",2025,87500000,,"Direct Lending","Private Credit",Yes,"Michael Sarner",msarner@capitalsouthwest.com,214-238-5700
"Capitala SBIC Fund VI, L.P.",Charlotte,NC,Capitala,2023,231220000,4597280,Multiple,Hybrid,Yes,"Joseph Alala, III",jalala@capitalagroup.com,"(704) 376-5502"
"CapitalSouth SBIC Fund IV, L.P.",Charlotte,NC,"Capital Private Advisors, LLC",2013,151651055,2249951,Mezzanine,Hybrid,No,"Joseph Alala, III",jalala@capitalagroup.com,"(704) 376-5502"
"CapitalSpring SBIC II, L.P.",Nashville,TN,CapitalSpring,2023,159279667,13728719,"Hybrid Debt/Equity",Hybrid,Yes,"Richard Fitzgerald",rfitzgerald@capitalspring.com,"(646) 651-2122"
"Catalyst Investors VI SBIC, L.P.","New York",NY,"Catalyst Investors, L.L.C.",2026,140000000,,"Growth Equity","Growth Equity",Yes,"Brian Rich",brian@catalyst.com,212-863-4848
"CCP IV-SBIC, L.P.",Indianapolis,IN,"Centerfield Capital Partners",2016,251861732,2982415,Mezzanine,"Private Credit",No,"Faraz Abbasi",faraz@centerfieldcapital.com,"(317) 513-2763"
"CCP V-SBIC, L.P.",Indianapolis,IN,"Centerfield Capital Partners",2022,304748198,5759593,Mezzanine,Hybrid,Yes,"Faraz Abbasi",faraz@centerfieldcapital.com,"(317) 513-2763"
"CCP VI-SBIC, L.P.",Indianapolis,IN,"Centerfield Management VI, Inc.",2025,256979700,,"Hybrid Debt/Equity",Hybrid,Yes,"Faraz Abbasi",faraz@centerfieldcapital.com,317-513-2763
"Central Valley Fund III (SBIC), L.P.",Davis,CA,"CVF Capital Partners",2017,111800500,1008711,Mezzanine,Hybrid,No,"Edward F. McNulty",emcnulty@cvfcapitalpartners.com,530-757-7004
"Cephas Capital Partners III, LP",Pittsford,NY,"Chephas, LLC",2020,24850000,2388429,Mezzanine,"Private Credit",Yes,"Clint W. Campbell",ccampbell@cephascapital.com,"(585) 383-1610"
"CFB Venture Fund L.P.","Saint Louis",MO,"CFB Partners, LLC",1983,95650000,571195,"Growth Equity","Growth Equity",No,"Bill Witzofsky",bill.witzofsky@cfb.com,"(314) 746-7427"
"Champlain Capital Partners II, L.P.","San Francisco",CA,"Champlain Capital Partners",2014,61871194,2325688,"Hybrid Debt/Equity",Hybrid,No,"Dennis Leary",dleary@champlaincapital.com,"(415) 281-4181"
"Champlain Capital Partners III, L.P.","San Francisco",CA,"Champlain Capital Partners",2019,260200000,5684023,"Growth Equity","Growth Equity",No,"Dennis Leary",dleary@champlaincapital.com,"(415) 281-4181"
"Champlain Capital Partners IV, L.P.","San Francisco",CA,"Champlain Capital Partners",2023,224997320,14237899,"Growth Equity","Growth Equity",Yes,"Dennis Leary",dleary@champlaincapital.com,"(415) 281-4181"
"Charger Investment Partners Catalyst Fund, LP","El Segundo",CA,"Charger Investment Partners, LP",2025,113375000,,"Hybrid Debt/Equity","Private Equity",Yes,"Aaron Perlmutter",amp@chargerinv.com,310-372-5525
"Charter Growth Capital Fund II, L.P.","Grand Rapids",MI,"Growth Capital Management LLC",2024,61000000,,Mezzanine,Hybrid,Yes,"Michael Palm",mpalm@chartercapitalpartners.com,616-235-3555
"Concentric Partners I, L.P.",Raleigh,NC,"Concentric Investment Partners",2021,230618572,4797735,Mezzanine,"Private Credit",Yes,"Corbin Graves",cgraves@concentricpartners.com,"(919) 619-3238"
"Concentric Partners II, L.P.",Raleigh,NC,"Concentric Investment Partners",2026,67500000,,Mezzanine,"Private Credit",Yes,"Matthew Young",myoung@concentricpartners.com,919-264-3966
"Convergent Capital Partners III, L.P.",Scottsdale,AZ,"CC Management, LLC",2014,32100000,1508736,Mezzanine,Hybrid,No,"Keith Bares",kbares@cvcap.com,"(763) 432-4081"
"Convergent Capital Partners IV, LP",Minneapolis,MN,"MinCal Management, Inc.",2020,165703875,3628153,Mezzanine,"Private Credit",Yes,"Matthew Grossman",mgrossman@cvcap.com,"(763) 432-4083"
"Convergent Capital Partners V, L.P.","Eden Prairie",MN,"MinCal Management, Inc.",2026,34877453,,Mezzanine,"Private Credit",Yes,"John Chan",jchan@cvcap.com,763-432-4080
"Corbel Capital Partners SBIC II, L.P.","Los Angeles",CA,"Corbel Capital",2022,344925642,6450609,"Hybrid Debt/Equity","Private Credit",Yes,"Michael Jones",michael@corbelcap.com,"(310) 299-2476"
"Corbel Capital Partners SBIC, L.P.","Los Angeles",CA,"Corbel Capital",2017,298208903,3391177,"Hybrid Debt/Equity","Private Credit",No,"Jeffrey Schwartz",jeff@corbelcap.com,"(310) 442-7011"
"Corbel Equity Partners SBIC, L.P.","Los Angeles",CA,"Corbel Capital",2024,127400000,3391177,Buyout,"Private Equity",Yes,"Michael Jones",michael@corbelcap.com,310-299-2476
"Costella Kirsch SBIC, LP","Menlo Park",CA,"Costella Kirsch SBIC GP, LLC",2025,33120682,,"Direct Lending","Private Credit",Yes,"Jill Koziol",jill@costellakirsch.com,650-462-5792
"Courage Healthcare SBIC Fund I, L.P.",Nashville,TN,"Courage Capital Management, LLC",2025,156250000,,"Hybrid Debt/Equity","Private Credit",Yes,"Lars Larsen",elarsen@couragecap.com,615-344-0114
"Crescent Direct Lending SBIC Fund, L.P.",Boston,MA,"Crescent SBIC Management, LLC",2015,81313131,1319144,"Direct Lending","Private Credit",No,"Michael Rogers",michael.rogers@crescentcap.com,"(617) 854-1501"
"Cultivation Capital Seed Fund III GP, LLC","St. Louis",MO,"Cultivation Twain Seed Fund III Manager, LLC",2024,13150500,218750,Venture,Venture,Yes,"Brian Matthews",bmatthews@cultivationcapital.com,314-565-8062
"Cultivation Twain Seed Fund I, L.P.","St. Louis",MO,"Cultivation Twain Seed Fund I Manager, LLC",2018,10915584,217910,"Early Venture",Venture,No,"Ricky Vigil",bmatthews@cultivationcapital.com,314-565-8062
"Cultivation Twain Seed Fund I, LP","St. Louis",MO,"Cultivation Twain Seed Fund III Manager, LLC",2018,13747500,,Venture,Venture,Yes,"Brian Matthews",bmatthews@cultivationcapital.com,"(314) 565-8062"
"Cyprium SBIC I, L.P.",Cleveland,OH,"Cyprium Investment Partners",2023,59975000,4375000,Mezzanine,Hybrid,Yes,"Daniel Kessler",dkessler@cyprium.com,"(216) 453-4533"
"Dauntless Ventures SBIC-A, L.P.",Provo,UT,"Dauntless Ventures",2025,29363750,,Venture,Venture,Yes,"Peter Koziol",pete@dauntlessvc.com,847-708-9360
"Dauntless Ventures SBIC-B, L.P.",Provo,UT,"Dauntless Ventures",2025,15811250,,Venture,Venture,Yes,"Peter Koziol",pete@dauntlessvc.com,847-708-9360
"DC Small Business Fund, LP","Jacksonville Beach",FL,"DC Small Business Management Company",2024,214797000,,Buyout,"Private Equity",Yes,"Brent Paris",paris@dynamiccorecapital.com,203-629-2030
"DCA Capital Partners II, L.P.",Roseville,CA,"DCA Partners",2016,20477750,1660000,"Growth Equity","Growth Equity",No,"Steven Mills",smills@dcapartners.com,"(916) 650-5352"
"DCA Capital Partners III SBIC, L.P.",Roseville,CA,"DCA Partners",2021,14646464,1025054,Buyout,"Private Equity",Yes,"Steven Mills",smills@dcacapital.com,916-650-5352
"DCA Capital Partners III SBIC, LP",Roseville,CA,"DCA Partners",2021,14646465,,"Growth Equity","Growth Equity",Yes,"Steven Mills",smills@dcapartners.com,"(916) 650-5352"
"Deerpath Funding Advantage IV, L.P.","Fort Lauderdale",FL,"Deerpath Capital",2016,218575000,770845,"Direct Lending","Private Credit",No,"James H. Kirby",jkirby@deerpathcapital.com,"(646) 786-1022"
"Deerpath Funding V, L.P.","Fort Lauderdale",FL,"Deerpath Capital",2021,259958487,1112375,"Direct Lending","Private Credit",Yes,"James H. Kirby",jkirby@deerpathcapital.com,"(646) 786-1022"
"Diamond State Ventures III, L.P.","Little Rock",AR,"Diamond State Ventures",2014,31961720,419667,Mezzanine,Hybrid,No,"Joe T. Hays, Managing Director",jhays@dsvlp.com,501-374-9247
"Dos Rios Partners, L.P.",Dallas,TX,"Dos Rios Partners",2013,62679026,894953,"Balanced Venture","Private Credit",No,"Kevin Benoit",kevin@dosriospartners.com,"(512) 298-1280"
"Dos Rios Partners-A, L.P.",Dallas,TX,"Dos Rios Partners",2013,62518976,894953,"Balanced Venture","Private Credit",No,"Kevin Benoit",kevin@dosriospartners.com,"(512) 298-1280"
"Eagle Fund III, L.P.","Saint Louis",MO,"Eagle Private Capital, LLC",2012,43699852,1327432,Mezzanine,Hybrid,No,"Benjamin Geis",bgeis@eagleprivatecapital.com,314-754-1400
"Eagle Fund III, LP",Clayton,MO,"Eagle Private Capital, LLC",2012,36195452,,Mezzanine,Hybrid,Yes,"Benjamin Geis",bgeis@eagleprivatecapital.com,"(314) 754-1400"
"Eagle Fund III-A, L.P.","Saint Louis",MO,"Eagle Private Capital, LLC",2012,25154548,387597,Mezzanine,Hybrid,No,"Benjamin Geis",bgeis@eagleprivatecapital.com,314-754-1400
"Eagle Fund III-A, LP","St. Louis",MO,"Eagle Private Capital, LLC",2012,45454548,,Mezzanine,Hybrid,Yes,"Benjamin Geis",bgeis@eagleprivatecapital.com,"(314) 754-1400"
"Eagle Fund IV, LP","St. Louis",MO,"Eagle Private Capital, LLC",2018,207042092,1695089,Mezzanine,Hybrid,No,"Benjamin Geis",bgeis@eagleprivatecapital.com,"(314) 754-1400"
"Eagle Fund IV-A, L.P.","Saint Louis",MO,"Eagle Private Capital, LLC",2018,56906061,479723,Mezzanine,Hybrid,No,"Benjamin Geis",bgeis@eagleprivatecapital.com,314-754-1400
"Eagle Fund IV-A, LP","St. Louis",MO,"Eagle Private Capital, LLC",2018,60606061,,Mezzanine,Hybrid,Yes,"Benjamin Geis",bgeis@eagleprivatecapital.com,"(314) 754-1400"
"Eagle Fund V, L.P.","St. Louis",MO,"Eagle Private Capital, LLC",2022,254459818,2654695,Mezzanine,Hybrid,Yes,"Benjamin Geis",bgeis@eagleprivatecapital.com,"(314) 754-1400"
"Eagle Fund V-A, L.P.","St. Louis",MO,"Eagle Private Capital, LLC",2022,60606061,589563,Mezzanine,Hybrid,Yes,"Benjamin Geis",bgeis@eagleprivatecapital.com,314-754-1400
"Eagle Fund V-A, LP","St. Louis",MO,"Eagle Private Capital, LLC",2022,60606061,,Mezzanine,Hybrid,Yes,"Benjamin Geis",bgeis@eagleprivatecapital.com,"(314) 754-1400"
"Eagle Fund VI-A, LP","St. Louis",MO,"Eagle Private Capital VI, Inc",2024,299441311,6764531,Mezzanine,Hybrid,Yes,"Benjamin Geis",bgeis@eagleprivatecapital.com,314-754-1400
"East Coast Capital Holdings Ltd.","New York",NY,"Veritas Capital Service, LLC",1986,11915545,200562,"Direct Lending","Private Equity",No,"Yitzhak Zelmanovitch",yzelmanovitch@foundersimpact.com,"(212) 686-1515"
"Emigrant Capital Corporation","New York",NY,"Emigrant Capital Corporation",1999,51330537,829278,Multiple,Hybrid,No,"Christopher Staudt",staudtc@emigrant.com,"(212) 850-4470"
"Energy Impact Credit Fund I LP","New York",NY,"Energy Impact Partners LP",2018,165109841,5858460,"Hybrid Debt/Equity","Private Credit",No,"Hans Kobler",kobler@energyimpactpartners.com,"(212) 899-9700"
"Energy Impact Credit Fund II LP","New York",NY,"Energy Impact Partners LP",2022,140807828,9531175,"Hybrid Debt/Equity","Private Credit",Yes,"Charalampos Giovani",giovani@energyimpactpartners.com,"(212) 899-9714"
"Energy Impact Credit Fund III LP","New York",NY,"Energy Impact Partners LP",2026,43649707,,"Direct Lending","Private Credit",Yes,"Charalampos Giovani",giovani@energyimpactpartners.com,212-899-9700
"Enhanced SBIC II, L.P.","San Francisco",CA,"Tree Line Capital Partners, LLC",2020,239951862,1724472,"Direct Lending","Private Credit",Yes,"Tom Quimby",tquimby@treelinecp.com,"(415) 795-7580"
"Enhanced Small Business Investment Company, L.P.","New York",NY,"Enhanced Capital",2012,60853834,1797587,"Direct Lending","Private Credit",No,"Michael Korengold",mkorengold@enhancedcapital.com,"(212) 207-3385"
"Enlightenment Capital Solutions SBIC Fund, L.P.","Chevy Chase",MD,"Enlightenment Capital SBIC, LLC",2019,187280760,5115129,"Hybrid Debt/Equity","Private Credit",No,"Jason Rigoli",jfrigoli@enlightenment-cap.com,"(240) 752-9618"
"EPIC Venture Fund IV, LLC","Salt Lake City",UT,"Wasatch Management Partners, LLC",2009,19400000,297405,Venture,Venture,No,"Nick Efstratis",epic@cornerstone.vc,"(801) 524-8939"
"Escalate Capital IV, LP",Austin,TX,"EC Management Services, Inc.",2019,287936685,3942619,Mezzanine,"Private Equity",No,"William Schell",tony@escalatecapital.com,"(512) 695-4502"
"Escalate Capital V, LP",Austin,TX,"EC Management Services, Inc.",2024,317785610,,Mezzanine,"Private Equity",Yes,"William Schell",tony@escalatecapital.com,512-695-0546
"Everside Direct III, LP","New York",NY,"Everside Capital Partners, LLC",2026,25366666,,Mezzanine,"Private Credit",Yes,"Ben Bresnahan",ben@everside.com,646-603-3600
"Everside SBIC I, LP","New York",NY,Everside,2023,168508677,6327361,"Hybrid Debt/Equity",Hybrid,Yes,"Ben Bresnahan",ben@everside.com,6466033608
"Farragut SBIC Fund II, L.P.","Chevy Chase",MD,"Farragut Capital Partners",2018,180812500,2525092,Mezzanine,Hybrid,No,"Philip McNeill",pmcneill@farragutcapitalpartners.com,"(301) 913-5293"
"Farragut SBIC Fund III, LP","Chevy Chase",MD,"Farragut Capital Partners",2023,114950000,5230890,Mezzanine,"Private Equity",Yes,"Philip McNeill",pmcneill@farragutcapitalpartners.com,301-913-5293
"FCP Fund II, L.P.",Omaha,NE,"First Capital Partners",2011,84200000,522844,"Hybrid Debt/Equity",Hybrid,No,"Andrew Kemp",akemp@firstcapitalpartners.com,"(402) 718-8868"
"FCP Fund III, L.P.",Omaha,NE,"First Capital Partners",2018,149435315,2522448,"Hybrid Debt/Equity",Hybrid,No,"David McLeese",dmcleese@fcpcapital.com,"(402) 718-8868"
"Fidus Mezzanine Capital III, L.P.",Evanston,IL,"Fidus Investment Advisors, LLC",2019,262500000,5933767,Mezzanine,"Private Credit",No,"Shelby Sherard",ssherard@fidusinv.com,"(847) 859-3938"
"Fidus Mezzanine Capital IV, L.P.",Evanston,IL,"Fidus Investment Advisors, LLC",2024,87500000,5933767,Mezzanine,"Private Credit",Yes,"Edward Ross",eross@fidusinv.com,"(847) 859-3938"
"Fin Capital Flagship III - SBIC, LP","San Francisco",CA,"Fin Venture Capital Management LLC",2026,2500000,,Venture,Venture,Yes,"Logan Allin",logan@fin.capital,415-300-0702
"Firmament Capital Partners SBIC III, L.P.","New York",NY,Firmament,2020,329661474,5462772,Mezzanine,"Private Credit",Yes,"Christopher Smith",csmith@thefirmamentgroup.com,"(212) 956-1061"
"Firmament Partners SBIC IV, L.P","New York",NY,Firmament,2023,275000000,10752110,"Direct Lending","Private Credit",Yes,"Christopher Smith",csmith@firmament.com,212-314-0172
"Firmament Partners SBIC IV, L.P.","New York",NY,Firmament,2023,175000000,,Mezzanine,Hybrid,Yes,"Christopher Smith",csmith@thefirmamentgroup.com,"(212) 314-0172"
"First In Ventures Fund 3 SBIC Critical Technologies LP","Hobe Sound",FL,"First In Ventures Fund 3 Critical Technologies LP",2026,65883838,,Venture,Venture,Yes,"Arthur Karell",arthur@wearefirstin.com,917-797-3887
"Five Points Capital Partners IV, L.P.",Winston-Salem,NC,"Five Points Capital, Inc.",2019,227635656,8470059,Mezzanine,Hybrid,No,"David G. Townsend",dtownsend@fivepointscapital.com,"(336) 733-0355"
"Five Points Credit SBIC IV, L.P.",Winston-Salem,NC,"Five Points Capital, Inc.",2021,352797529,2505205,Mezzanine,Hybrid,Yes,"Whit Edwards",wedwards@fivepointscapital.com,"(336) 733-2676"
"Five Points Credit SBIC V LP",Winston-Salem,NC,"Five Points Capital, LLC",2025,269039000,,Mezzanine,"Private Credit",Yes,"Whit Edwards",wedwards@fivepointscapital.com,336-733-0350
"Five Points Credit SBIC V, L.P.",Winston-Salem,NC,"Five Points Capital, LLC",2025,94039000,,"Hybrid Debt/Equity","Private Credit",Yes,"Whit Edwards",wedwards@fivepointscapital.com,336-733-0350
"Five Points Mezzanine Fund III, L.P.",Winston-Salem,NC,"Five Points Capital, Inc.",2016,232965811,3365223,Mezzanine,Hybrid,No,"Brad Clark",bclark@fivepointscapital.com,"(336) 733-0355"
"Frontier Fund I Alpha, LP",Arlington,VA,"America's Frontier Management, LLC",2024,144806263,189584,Venture,Venture,Yes,"Brian Wilcove",brian@americasfrontier.org,301-246-2404
"GarMark SBIC Fund II, L.P.",Stamford,CT,"GarMark Partners",2018,273450000,4181726,"Hybrid Debt/Equity","Private Credit",No,"Steven Pickhardt",spickhardt@garmark.com,"(203) 325-8500"
"GarMark SBIC Fund, L.P.",Stamford,CT,"GarMark Partners",2014,71989342,3424199,"Hybrid Debt/Equity","Private Credit",No,"Steven Pickhardt",spickhardt@garmark.com,"(203) 325-8500"
"Gemini Investors VII, L.P.",Wellesley,MA,"Gemini Managers, Inc.",2021,185744100,2771186,Venture,Venture,Yes,"Matthew Keis",mkeis@gemini-investors.com,"(781) 237-7001"
"Gemini Investors VIII, L.P.",Wellesley,MA,"Gemini Managers, Inc.",2025,72938736,,"Hybrid Debt/Equity","Private Equity",Yes,"Matthew Keis",mkeis@gemini-investors.com,781-237-7001
"GMB Mezzanine Capital II, L.P.",Minneapolis,MN,"Lakeside Capital Management, Inc.",2011,90000000,1062902,Mezzanine,Hybrid,No,"Tom Kreimer",tkreimer@gmbmezz.com,"(612) 243-4415"
"GMB Mezzanine Capital III, L.P.",Minneapolis,MN,"Lakeside Capital Management, Inc.",2015,171831865,3423544,Mezzanine,"Private Credit",No,"Carleton Olmanson",colmanson@gmbcapitalpartners.com,"(612) 243-4415"
"GMB Mezzanine Capital IV, L.P.",Minneapolis,MN,"Lakeside Capital Management, Inc.",2019,344600272,3680289,Mezzanine,"Private Credit",No,"Tom Kreimer",tkreimer@gmbmezz.com,"(612) 243-4415"
"GMB Mezzanine Capital V, L.P.",Minneapolis,MN,"GMB Capital Partners",2023,333661375,5943143,Mezzanine,"Private Credit",Yes,"Tom Kreimer",tkreimer@gmbmezz.com,"(612) 243-4405"
"GP Capital Partners II, LP",Houston,TX,"Genesis Park",2025,125000000,,"Hybrid Debt/Equity",Hybrid,Yes,"Curtis Hartman",curtis.hartman@genesis-park.com,832-699-5237
"GP Capital Partners, LP",Houston,TX,"GPCP MGMT, LLC",2021,240642780,6864080,Mezzanine,Hybrid,Yes,"Curtis Hartman",curtis.hartman@genesis-park.com,"(713) 489-4650"
"Granite Creek FlexCap II, L.P.",Chicago,IL,"Granite Creek Capital Partners, LLC",2018,198014167,4106440,Multiple,Hybrid,No,"Mark Radzik",mark@granitecreek.com,"(312) 895-4503"
"Granite Creek FlexCap III, L.P.",Chicago,IL,"Granite Creek Capital Partners, LLC",2023,214550000,9427861,Multiple,Hybrid,Yes,"Mark Radzik",mark@granitecreek.com,"(312) 895-4503"
"Graycliff Mezzanine II LP","New York",NY,"Graycliff Partners",2012,38908334,2836622,Mezzanine,Hybrid,No,"Andrew P. Trigg",atrigg@graycliffpartners.com,212-300-2903
"Graycliff Mezzanine III (SBIC) LP","New York",NY,"Graycliff Partners",2018,285690011,4994406,Mezzanine,"Private Credit",No,"Andrew Trigg",atrigg@graycliffpartners.com,"(212) 300-2903"
"Graycliff Mezzanine IV (SBIC) LP","New York",NY,"Graycliff Partners",2022,155500000,5804960,Mezzanine,"Private Credit",Yes,"Andrew Trigg",atrigg@graycliffpartners.com,"(212) 300-2903"
"Grayhawk Ventures Fund III, L.P.",Scottsdale,AZ,"Grayhawk Capital, LLC",2021,54787470,2253334,Venture,"Growth Equity",Yes,"Sherman I. Chu",schu@grayhawkcapital.us,602-615-2489
"Grayhawk Ventures Fund III, LP",Scottsdale,AZ,"Grayhawk Capital, LLC",2021,31645470,,"Early Venture",Venture,Yes,"Sherman Chu",schu@grayhawkcapital.us,"(602) 615-2489"
"Hamilton Lane National Small Business Credit Fund, L.P.",Conshohocken,PA,"Hamilton Lane Advisors, LLC",2022,64132010,2797812,Mezzanine,"Private Credit",Yes,"Trevor Messerly",tmesserly@hamiltonlane.com,"(610) 617-5338"
"Harbert Mezzanine Partners II SBIC, L.P.",Birmingham,AL,"Harbert Credit Solutions Funds",2006,59471219,759147,Mezzanine,Hybrid,No,"Amanda Brown",abrown@harbert.net,"(205) 987-5535"
"Haven Capital Partners I, L.P.","New York",NY,"Haven Capital Partners, LLC",2024,252693052,,"Growth Equity",Hybrid,Yes,"David Bainbridge",dbainbridge@havencapitalpartners.com,917-575-2643
"HCAP Partners IV, L.P.","San Diego",CA,"HCAP Partners, LLC",2018,126944957,2641850,Mezzanine,Hybrid,No,"Frank N. Mork Crespo",frank@hcapllc.com,858-259-7654
"HCAP Partners V, L.P.","San Diego",CA,"HCAP Partners, LLC",2021,257821993,7127929,Mezzanine,Hybrid,Yes,"Frank N. Mork Crespo",frank@hcapllc.com,"(858) 529-7654"
"HCAP Partners VI, L.P.","La Jolla",CA,"HCAP Partners, LLC",2025,34387760,,Mezzanine,Hybrid,Yes,"Frank Mora",frank@hcap.com,858-864-9205
"HCAP Partners VI, LP","La Jolla",CA,"HCAP Partners, LLC",2025,34387760,,Mezzanine,"Private Credit",Yes,"Frank Mora",frank@hcap.com,858-864-9205
"Hercules Capital IV, L.P.","San Mateo",CA,"Hercules Capital, Inc.",2020,262500000,10798246,"Direct Lending","Private Credit",Yes,"Seth Meyer",smeyer@htgc.com,"(857) 206-8966"
"Hercules SBIC V, L.P.","San Mateo",CA,"Hercules Capital, Inc.",2024,262500000,11250000,"Direct Lending","Private Credit",Yes,"Seth Meyer",smeyer@htgc.com,650-289-3060
"Hidden River Strategic Capital I, LP",Radnor,PA,"Hidden River Strategic Capital",2023,248000000,14000000,"Hybrid Debt/Equity",Hybrid,Yes,"Steven Gord",sgord@hiddenrivercap.com,"(267) 303-2964"
"High Street Capital V SBIC, L.P.",Chicago,IL,"High Peaks Management Company, LLC",2018,147836472,6489005,Buyout,"Private Equity",No,"Joseph Katcha",joe@highstreetcapital.com,"(312) 267-2861"
"High Street Capital VI SBIC, L.P.",Chicago,IL,"High Street Capital",2024,160540200,6489005,Buyout,"Private Equity",Yes,"Timothy Kurth",tim@highstreetcapital.com,312-423-2650
"Hoist Capital Partners SBIC I, L.P.",Birmingham,AL,"Hoist Capital Partners, LLC",2025,127238750,,Multiple,"Private Credit",Yes,"Brian Heslop",brian@hoistpartners.com,205-335-0154
"Holleway IPA Fund II, LP","St Louis",MO,"Holleway Capital Partners, LLC",2025,154325691,,Buyout,"Private Equity",Yes,"Holly Huels",hhuels@holleway.com,314-249-0496
"Holleway IPA Fund, L.P.","St Louis",MO,"Holleway Capital Partners, LLC",2018,58379445,1716735,Buyout,"Private Equity",No,"Holly Huels",hhuels@holleway.com,"(314) 764-4876"
"Hudson Ferry Capital III, L.P.",Stamford,CT,"Hudson Ferry Capital Management, LLC",2024,82500000,,Buyout,"Private Equity",Yes,"Timothy Ross",tross@hudsonferry.com,212-308-3079
"IMB Partners SBIC I, L.P.",Bethesda,MD,"IMB Partners",2024,95002050,3090000,"Hybrid Debt/Equity",Hybrid,Yes,"Tarrus Richardson",trichardson@imbpartners.com,240-507-1660
"Independent Bankers Capital Fund III, L.P.",Dallas,TX,"IBC Funds",2015,52123180,1238138,Mezzanine,"Private Equity",No,"Barry Conrad",bconrad@ibcfund.com,"(214) 722-6200"
"Independent Bankers Capital Fund IV, L.P.",Dallas,TX,"IBC Funds",2021,109079153,3973712,Mezzanine,"Private Equity",Yes,"Barry Conrad",bconrad@ibcfund.com,214-722-6203
"Innovate Capital Growth Fund, L.P.",Philadelphia,PA,"Innovate Capital Partners LLC",2022,23270330,2000000,Expansion,"Private Equity",Yes,"Della Clark",dclark@theenterprisecenter.com,"(215) 895-4005"
"Invision Capital II, L.P.",Chicago,IL,"Invision Management, Inc.",2016,240536619,4663562,Buyout,Hybrid,No,"Robert Castillo",rcastillo@invcg.com,"(312) 543-3363"
"Invision Capital III-A, L.P.",Chicago,IL,"Invision Management, Inc.",2022,242225000,4878500,Buyout,Hybrid,Yes,"Robert Castillo",rcastillo@invcg.com,"(312) 543-2430"
"Ironwood Capital Partners V SBIC, L.P.",Avon,CT,"Ironwood Capital",2022,133955551,2231884,Mezzanine,Hybrid,Yes,"Carolyn Galiette",galiette@ironwoodcap.com,"(860) 409-2105"
"Ironwood Mezzanine Fund III-A LP",Avon,CT,"Ironwood Capital",2012,49138000,982688,Mezzanine,"Private Credit",No,"Carolyn Galiette",galiette@ironwoodcap.com,"(860) 409-2101"
"Ironwood Mezzanine Fund IV-A, L.P.",Avon,CT,"Ironwood Capital",2017,78845075,1596735,Mezzanine,Hybrid,No,"Carolyn Galiette",galiette@ironwoodcap.com,"(860) 409-2105"
"Kansas Venture Capital, Inc.","Overland Park",KS,,1977,23733221,357551,Mezzanine,Hybrid,No,"Marshall D. Parker",mparker@kvci.com,913-262-7117
"Kansas Venture Capital, Inc. d/b/a Konza Valley Capital, Inc.","Overland Park",KS,"Kansas Venture Capital, Inc.",1977,17490032,,Buyout,"Growth Equity",Yes,"Marshall Parker",mparker@kvci.com,"(913) 262-7117"
"Keswick Partners Fund I, LP",Tampa,FL,"Keswick Partners",2023,34990000,3157565,Buyout,"Private Equity",Yes,"Chris Hart",chris@keswickpartners.com,"(614) 378-2451"
"Kian Growth Partners III, L.P.",Charlotte,NC,"Kian Capital",2023,388454636,4826742,Buyout,Hybrid,Yes,"Kevin McCarthy",kmccarthy@kiancapital.com,"(704) 943-2501"
"Kian Mezzanine Partners I, L.P.",Charlotte,NC,"Kian Capital",2014,40025891,2872087,Mezzanine,Hybrid,No,"Charlie Edmondson",cedmondson@kiancapital.com,"(704) 943-2501"
"Kian Mezzanine Partners II, L.P.",Charlotte,NC,"Kian Capital",2018,248235987,3681373,Mezzanine,Hybrid,No,"Charlie Edmondson",cedmondson@kiancapital.com,"(704) 943-2503"
"Lafayette Square SBIC, LP",Miami,FL,"Lafayette Square",2023,73922500,4919731,Mezzanine,Hybrid,Yes,"Seren Tahiroglu",tahiroglu@lafayettesquare.com,860.869.2778
"Lafayette Square SSBIC, LP",Miami,FL,"Lafayette Square",2024,87500000,4919731,"Balanced Venture","Private Credit",Yes,"Seren Tahiroglu",tahiroglu@lafayettesquare.com,860.869.2778
"Lake Country Capital SBIC LP",Edina,MN,"LC2 Partners, LLC",2018,182550000,2039045,Mezzanine,"Private Equity",No,"Andrew Leonard",andrew@lakecountrycapital.com,"(612) 800-9947"
"LBC Small Cap SBIC, L.P.",Philadelphia,PA,"LBC Small Cap",2018,131988621,1875973,"Direct Lending","Private Credit",No,"Rocco Christino",rchristino@lbccredit.com,"(215) 883-7143"
"LCM Healthcare Fund I, L.P.",Dallas,TX,"Latticework Capital Management, LLC",2018,110737954,3714616,"Growth Equity","Growth Equity",No,"Kyle Bradford",kyle.bradford@latticeworkcapital.com,"(917) 676-6742"
"LFE Growth Fund IV, L.P.",Naples,FL,"LFE Capital, LLC",2022,30909091,2841250,"Growth Equity","Private Equity",Yes,"Laurent Frecon",laurent@lfecapital.com,"(612) 752-1806"
"Lightspring Capital I, LP","St. Louis Park",MN,"Lightspring Capital Partners, LLC",2020,130404113,4843365,"Hybrid Debt/Equity",Hybrid,Yes,"Susan Gohman",sgohman@lightspringcapitalpartners.com,"(612) 289-6614"
"Lightspring Capital II, LP",Minneapolis,MN,"Lightspring Capital Partners, LLC",2025,219700000,,"Hybrid Debt/Equity",Hybrid,Yes,"Meghan Otis",motis@lightspringcapitalpartners.com,312-560-8178
"Lineage Capital II, L.P.",Boston,MA,"Lineage Capital, LLC",2015,154686605,6860237,Buyout,"Private Equity",No,"T. Brook Parker",brook@lineagecap.com,"(617) 778-0672"
"Lineage Capital III, L.P.",Boston,MA,"Lineage Capital, LLC",2022,180238000,9234084,Buyout,"Private Equity",Yes,"T. Brook Parker",brook@lineagecap.com,"(617) 778-0672"
"LNC Partners II - SBIC, L.P.",Reston,VA,"LNC Management, LLC",2020,298192752,6069430,"Hybrid Debt/Equity",Hybrid,No,"Mark Raterman",raterman@lnc-partners.com,"(703) 651-2149"
"LNC Partners III-SBIC, L.P.",Reston,VA,"LNC Management, L.P.",2025,94592308,,"Hybrid Debt/Equity",Hybrid,Yes,"Mark Raterman",raterman@lnc-partners.com,703-651-2149
"LO3 SBIC, LP",Nashville,TN,"LO3 Capital",2022,146900000,5785358,Mezzanine,"Private Credit",Yes,"Wesley Roberts",wesley@lo3capital.com,"(732) 735-5581"
"LongueVue Capital Partners III, L.P",Metairie,LA,"LongueVue Management Company, LLC",2017,221119200,4199151,Buyout,"Growth Equity",No,"Max Vorhoff",mvorhoff@lvcpartners.com,"(504) 293-3610"
"LongueVue Capital Partners IV, L.P.",Metairie,LA,"LongueVue Management Company, LLC",2022,272500000,6188664,Buyout,"Growth Equity",Yes,"Raymond J. Jeandron III",rjeandron@lvcpartners.com,"(504) 293-3607"
"LongWater SBIC Fund I LP",Fargo,ND,"LWO LLC",2025,262500000,,"Hybrid Debt/Equity",Hybrid,Yes,"Benjamin Dinehart",ben@lwopps.com,469-351-3471
"Main Street Capital III, L.P.",Houston,TX,"Main Street Capital Corporation",2016,262500000,3704596,Multiple,Hybrid,No,"Kate Silva",ksilva@mainstcapital.com,"(713) 350-6039"
"Main Street Mezzanine Fund, L.P.",Houston,TX,"Main Street Capital Corporation",2002,233333334,1910338,Mezzanine,Hybrid,No,"Kate Silva",ksilva@mainstcapital.com,"(713) 350-6039"
"Maranon Mezzanine Fund III-B, L.P.",Chicago,IL,"Maranon Capital",2018,168810583,3608018,Mezzanine,"Private Credit",No,"Michael Parilla",maranonoperations@maranoncapital.com,"(312) 646-1205"
"Marquette Capital Fund II, LP","Golden Valley",MN,"Marquette Capital, LLC",2010,35630788,1593526,"Hybrid Debt/Equity",Hybrid,No,"Thomas Jenkins",tom.jenkins@marquettecapital.com,"(612) 661-3990"
"McLarty Capital Partners SBIC II, L.P.","New York",NY,"McLarty Capital Advisors SBIC, LLC",2018,151133298,3122659,Mezzanine,Hybrid,No,"Christopher Smith",csmith@thefirmamentgroup.com,"(212) 314-0172"
"Mclarty Capital Partners SBIC, L.P.",Washington,NY,"McLarty Capital Advisors SBIC, LLC",2014,46400000,4163404,Mezzanine,"Private Credit",No,"Christopher Smith",csmith@thefirmamentgroup.com,"(202) 956-1061"
"MCM Capital Partners III Parallel Fund, L.P.",Beachwood,OH,"MCM Capital Partners",2015,17849844,775008,Buyout,"Private Equity",No,"Kevin Hayes",kevin@mcmcapital.com,"(216) 514-1846"
"MCM Capital Partners IV, LP",Beachwood,OH,"MCM Capital Partners",2023,105360870,775008,Buyout,"Private Equity",Yes,"Kevin Hayes",kevin@mcmcapital.com,216-514-1846
"Medallion Capital, Inc.",Excelsior,MN,"Medallion Capital Inc.",1979,135008986,4000000,Mezzanine,"Private Credit",Yes,"Steve Lewis",slewis@medallioncapital.com,"(612) 804-9886"
"MEDALLION FUNDING LLC","New York",NY,"Medallion Capital Inc.",1980,72093895,565641,"Direct Lending","Private Credit",No,"Thomas Munson",tmunson@medallion.com,"(212) 328-2122"
"Merion Investment Partners III, LP",Berwyn,PA,"Phineas Management, LLC",2016,137669893,2681891,Mezzanine,"Private Credit",No,"Gayle Hughes",ghughes@merionpartners.com,"(610) 230-0880"
"Merion Investment Partners IV, LP",Berwyn,PA,"Merion Investment Partners",2023,82512000,2807259,Mezzanine,"Private Credit",Yes,"Gayle Hughes",ghughes@merionpartners.com,"(610) 230-0880"
"MICHIGAN CAPITAL NETWORK VENTURE FUND V, LP","Grand Rapids",MI,"Michigan Capital Network Ventures, LLC",2025,75000000,,Venture,Venture,Yes,"Paul D'Amato",paul@michigancapitalnetwork.com,616-566-1770
"Midwest Growth Partners IV, LP","West Des Moines",IA,"Midwest Growth Advisors IV, LLC",2024,250000000,,Multiple,"Private Equity",Yes,"Benjamin Fogle",ben.fogle@mgpfund.com,515-421-4800
"Midwest Mezzanine Fund V SBIC, L.P.",Chicago,IL,"Midwest Mezzanine Funds",2014,40641330,2872168,Mezzanine,"Private Credit",No,"Paul Kreie",pkreie@mmfcapital.com,"(312) 291-7303"
"Midwest Mezzanine Fund VI SBIC, L.P.",Chicago,IL,"Midwest Mezzanine Funds",2018,249204493,2886421,Mezzanine,"Private Credit",No,"Paul Kreie",pkreie@mmfcapital.com,"(312) 291-7303"
"Midwest Mezzanine Fund VII SBIC, L.P.",Chicago,IL,"Midwest Mezzanine Funds",2024,89628108,5636334,Mezzanine,"Private Credit",Yes,"Paul Kreie",pkreie@mmfcapital.com,"(312) 291-7303"
"Milton Street Capital Fund III, LP",Houston,TX,"Milton Street Capital LLC",2026,50001000,,Buyout,"Private Equity",Yes,"Kevin Crook",kcrook@miltonstreetcap.com,713-568-1285
"Mizzen Capital III, LP",Stamford,CT,"Mizzen Management, LLC",2025,26760000,2833333,"Direct Lending","Private Credit",Yes,"Marilyn Adler",madler@mizzencapital.com,917-763-9423
"Mizzen Capital, L.P.",Stamford,CT,"Mizzen Management, LLC",2021,267235252,4643097,"Direct Lending",Hybrid,Yes,"Kevin Wolpert",kwolpert@mizzencapital.com,"(717) 201-1172"
"Mosaic Capital Investors I, LP",Charlotte,NC,"Mosaic Capital Partners, LLC",2014,90127249,2581704,Mezzanine,Hybrid,No,"Bill Hayes",whayes@mosaic-cp.com,704.626.6433
"Mosaic Capital Investors II SBIC, L.P.",Charlotte,NC,"Mosaic Capital Partners, LLC",2024,138767539,5000000,Buyout,"Private Equity",Yes,"William A Hayes",whayes@mosaic-cp.com,704-626-6433
"Mountain State Capital SBIC, L.P.",Morgantown,WV,"Mountain State Capital Management LLC",2019,19072500,191636,Venture,Venture,No,"Matt Harbaugh",matt@mountainstatecapital.com,"(412) 401-2909"
"Mountain Ventures, Inc.",London,KY,na,1978,2081675,238571,"Direct Lending","Private Credit",No,"Brenda McDaniels",BMcDaniel@khic.org,606-864-5175
"Multiplier Capital II, L.P",Washington,DC,"Multiplier Capital, LLC",2017,190450448,5082710,Mezzanine,"Private Credit",No,"Kevin Sheehan",sheehan@multipliercapital.com,(917)783-3223
"Multiplier Capital III, L.P.",Washington,DC,"Multiplier Capital, LLC",2022,131613500,9450000,"Balanced Venture","Private Credit",Yes,"Kevin Sheehan",sheehan@multipliercapital.com,(917)783-3223
"MV Fund II SBIC, L.P.",Folsom,CA,"Moneta Venture LLC",2018,10560916,289125,"Early Venture",Venture,No,"Denise Ferre",dferre@monetaventures.com,"(916) 270-2704"
"MV FUND III SBIC, L.P.",Folsom,CA,"Moneta Venture LLC",2023,75481061,843000,"Early Venture",Venture,Yes,"Denise Ferre",dferre@monetaventures.com,"(916) 529-9210"
"New Canaan Funding Mezzanine VI SBIC, L.P.","New Canaan",CT,"New Canaan Funding Leverage Mezzanine Advisors, LLC",2015,81809571,3274563,Mezzanine,"Private Equity",No,"Mark Thies",mthies@newcanaanfunding.com,"(203) 966-1071"
"New Canaan Funding Mezzanine VII SBIC, L.P.",Naples,FL,"New Canaan Funding Leverage Mezzanine Advisors, LLC",2020,241300000,4808889,Mezzanine,"Private Equity",Yes,"Mark Thies",mthies@newcanaanfunding.com,"(203) 966-1071"
"New Mountain Finance SBIC II, L.P.","New York",NY,"New Mountain Finance Advisors BDC, L.L.C.",2017,225000000,6167556,"Direct Lending","Private Credit",No,"John Kline",jkline@newmountaincapital.com,"(212) 720-0309"
"New Mountain Finance SBIC III, L.P.","New York",NY,"New Mountain Capital, L.L.C.",2025,175000000,,"Direct Lending","Private Credit",Yes,"John Kline",jkline@newmountaincapital.com,212-720-0309
"New Mountain Finance SBIC, L.P.","New York",NY,"New Mountain Finance Advisors BDC, L.L.C.",2014,225000000,3599598,"Direct Lending","Private Credit",No,"John Kline",jkline@newmountaincapital.com,"(212) 720-0309"
"New North Ventures Fund II SBIC, LP",Portsmouth,NH,"New North Ventures",2025,17399821,,Venture,,Yes,"Jeremy Hitchcock",jeremy@newnorthventures.com,603-391-4494
"New York Credit SBIC Fund II L.P.",Conshohocken,PA,"Hamilton Lane Advisors, LLC",2022,96284330,8542569,Mezzanine,"Private Equity",Yes,"Trevor Messerly",tmesserly@hamiltonlane.com,"(610) 617-5338"
"NewSpring Mezzanine Capital III, L.P.",Radnor,PA,NewSpring,2016,124353742,3337489,Mezzanine,Hybrid,No,"Jonathan Schwartz",jschwartz@newspringcapital.com,"(610) 567-2387"
"NewSpring Mezzanine Capital IV, L.P.",Radnor,PA,NewSpring,2019,344542157,4998079,Mezzanine,"Private Credit",No,"Jonathan Schwartz",jschwartz@newspringcapital.com,"(610) 567-2387"
"NewSpring Mezzanine Capital V, L.P.",Radnor,PA,NewSpring,2023,285842100,5390643,Mezzanine,Hybrid,Yes,"Anne Vazquez",avazquez@newspringcapital.com,"(610) 567-2397"
"North Atlantic Venture Fund V, L.P.",Portland,ME,"North Atlantic Capital Corporation",2015,76390000,1290816,Mezzanine,Hybrid,No,"David M Coit",dcoit@northatlanticcapital.com,"(207) 653-1040"
"NorthCoast Mezzanine SBIC III LP",Minneapolis,MN,"NorthCoast Mezzanine",2022,110800000,,Mezzanine,"Private Credit",Yes,"Stacy Harmsen",stacy@northcoastmezz.com,"(612) 843-1554"
"NorthCoast Mezzanine SBIC III, L.P.",Minneapolis,MN,"NorthCoast Mezzanine, LP",2022,198300000,3125035,Mezzanine,Hybrid,Yes,"Stacy Harmsen",stacy@NorthCoastMezz.com,612-843-1554
"NorthCoast Mezzanine SBIC IV, LP",Minneapolis,MN,"NorthCoast Mezzanine",2026,109985000,,Mezzanine,"Private Credit",Yes,"Stacy Harmsen",stacy@northcoastmezz.com,612-843-1542
"Northcreek Mezzanine Fund II, L.P.",Cincinnati,OH,"Northcreek Management, Inc.",2014,86077691,1216048,Mezzanine,Hybrid,No,"Rodger Davis",rdavis@northcreekmezzanine.com,"(513) 985-6600"
"Northcreek Mezzanine Fund III, L.P.",Cincinnati,OH,"Northcreek Management, Inc.",2019,184879314,2411240,Mezzanine,Hybrid,No,"Rodger Davis",rdavis@northcreekmezzanine.com,"(513) 985-6600"
"Northcreek Mezzanine Fund IV, L.P.",Cincinnati,OH,"Northcreek Management, Inc.",2024,144404672,2411240,Mezzanine,Hybrid,Yes,"Rodger Davis",rdavis@northcreekmezzanine.com,"(513) 985-6600"
"Northstar Mezzanine Partners SBIC II, LP",Minneapolis,MN,"Northstar Company LLC",2024,230407892,2411240,Mezzanine,"Private Equity",Yes,"Christopher Kocourek",ckocourek@northstarcapital.com,312-371-5718
"Northstar Mezzanine Partners SBIC, LP",Minneapolis,MN,"Northstar Capital",2020,134601941,1659797,Mezzanine,"Private Equity",Yes,"Christopher Kocourek",ckocourek@northstarcapital.com,"(612) 371-5718"
"Norwest Strategic Capital, L.P.","Palo Alto",CA,"NVP Associates, LLC",2016,1257468746,4644401,Venture,Venture,No,"Ben Hui",bhui@nvp.com,650-289-2229
"o15 Emerging America Credit Opportunities Fund LP",Atlanta,GA,"o15 Capital Partners",2023,196514221,13333333,"Hybrid Debt/Equity","Private Credit",Yes,"Kenneth Saffold",kenneth@o15.com,404-422-1500
"Oaktree SBIC Fund, L.P.","New York",NY,"Oaktree Capital",2021,265239238,3299424,Mezzanine,Hybrid,Yes,"Michael Deng",mdeng@oaktreecapital.com,212-284-7848
"ONE Bow River National Defense Fund, LP","Colorado Springs",CO,"ONE SBIC Fund, LLC",2024,502640000,4537062,"Growth Equity","Growth Equity",Yes,"Kevin O'Neil",kevin.oneil@onebowriver.com,720-682-2038
"Oxer BCP Mezzanine Fund, L.P.",Columbus,OH,"Oxer Capital, Inc.",2016,55202300,1959130,Mezzanine,Hybrid,No,"Daniel Phlegar",dan.phlegar@oxercapital.com,"(614) 917-7659"
"Oxer Mezzanine Fund II, L.P.",Columbus,OH,"Oxer Capital, Inc.",2019,206000000,2334917,"Hybrid Debt/Equity","Private Credit",No,"Daniel Phlegar",dan.phlegar@oxercapital.com,"(614) 907-7373"
"Oxer Mezzanine Fund III, L.P.",Columbus,OH,"Oxer Capital, Inc.",2023,146720000,4178313,Mezzanine,Hybrid,Yes,"Daniel Phlegar",dan.phlegar@oxercapital.com,"(614) 907-7373"
"Parliament SBIC Growth Fund, LP","San Juan",PR,"Parliament Capital Management",2023,68463000,1223687,"Hybrid Debt/Equity","Private Credit",Yes,"Rodolfo Sanchez-Colberg",rs@parliamentcapital.com,"(787) 200-9004"
"Patriot Capital III SBIC, L.P.",Baltimore,MD,"Patriot Capital",2013,105526801,2509818,Mezzanine,Hybrid,No,"Charles McCusker",cmccusker@patriot-capital.com,"(443) 573-3015"
"Patriot Capital IV (A), L.P.",Baltimore,MD,"Patriot Capital",2018,302972498,3107558,Mezzanine,Hybrid,No,"Charles McCusker",cmccusker@patriot-capital.com,"(443) 573-3015"
"Patriot Capital V, L.P.",Balitmore,MD,"Patriot Capital",2023,180306419,4204102,Mezzanine,Hybrid,Yes,"Charles McCusker",cmccusker@patriot-capital.com,"(443) 573-3015"
"PCI II, L.P.",Baltimore,MD,"PCI Capital Management, LLC",2020,105228000,3374032,"Hybrid Debt/Equity","Private Credit",Yes,"Christopher Pope",cpope@parkway.calvertst.com,"(443) 573-3714"
"PCI III, L.P.",Towson,MD,"PCI Capital Management, LLC",2025,28515000,,"Hybrid Debt/Equity","Private Credit",Yes,"Christopher Pope",cpope@parkway.calvertst.com,443-573-3700
"Pelham S2K SBIC II, L.P.","New York",NY,"Pelham S2K",2022,71500000,2760527,"Direct Lending","Private Credit",Yes,"Jonathan Terzi",jterzi@pelhams2k.com,"(212) 603-9766"
"Pelham S2K SBIC, L.P.","New York",NY,"Pelham S2K",2016,95199449,2465965,Mezzanine,Hybrid,No,"Jonathan Terzi",jterzi@pelhams2k.com,"(212) 603-9766"
"Pelion Ventures V Financial Institutions Fund, L.P.","Salt Lake City",UT,"Pelion, Inc.",2012,1132653,301919,Venture,Venture,No,"Blake Modersitzki",blake@pelionvp.com,801-365-0262
"Pelion Ventures VII Financial Institutions Fund, L.P.","Salt Lake City",UT,"Pelion, Inc.",2021,50510204,539701,Venture,Venture,Yes,"Blake Modersitzki",blake@pelionvp.com,"(801) 365-0262"
"Pelion Ventures VIII Financial Institutions Fund L.P.","Salt Lake City",UT,"Pelion, Inc.",2023,95285210,3943999,Venture,"Private Equity",Yes,"Ben Haacke",bhaacke@pelionvp.com,(801)365-0262
"Petra Growth Fund II, L.P.",Nashville,TN,"Petra Capital",2007,38238114,271031,"Hybrid Debt/Equity",Hybrid,No,"Melanie Beavon",mlb@petracapital.com,"(615) 777-5983"
"Petra Growth Fund III, L.P.",Nashville,TN,"Petra Capital",2013,77346142,1330647,"Hybrid Debt/Equity",Hybrid,No,"Melanie Beavon",mlb@petracapital.com,"(615) 777-5983"
"Petra Growth Fund IV, L.P.",Nashville,TN,"Petra Capital",2019,207023571,2719404,"Hybrid Debt/Equity",Hybrid,No,"Douglas Owen",dbo@petracapital.com,"(615) 313-5994"
"Petra Growth Fund V, L.P.",Nashville,TN,"Petra Capital",2024,259185816,,"Hybrid Debt/Equity",Hybrid,Yes,"Michael Blackburn",mwb@petracapital.com,615-313-5999
"Pine Street Capital Partners III, LP",Albany,NY,"PSCP Management, Inc.",2016,121414500,1328099,Mezzanine,"Private Equity",No,"Michael Lasch",laschm@pinecap.com,"(518) 449-9070"
"Pine Street Capital Partners IV, LP",Albany,NY,"Pine Street Capital Partners",2023,98109385,5303503,Mezzanine,"Private Equity",Yes,"Timothy Welles",wellest@pinecap.com,"(518) 449-9070"
"Pivotal Capital Fund II, LP","Menlo Park",CA,"Pivotal Capital",2022,39995000,5303503,Venture,"Private Equity",Yes,"Renee Baker",renee@pivotalcp.com,"(650) 233-5402"
"Plexus Fund IV-A, L.P.",Raleigh,NC,"Plexus Capital, LLC",2017,162232000,1573632,Mezzanine,Hybrid,No,"Michael Painter",mpainter@plexuscap.com,"(919) 256-6355"
"Plexus Fund IV-B, L.P.",Raleigh,NC,"Plexus Capital, LLC",2017,69528000,678059,Mezzanine,Hybrid,No,"Ronda Penn",rpenn@plexuscap.com,"(919) 256-6355"
"Plexus Fund IV-C, L.P.",Raleigh,NC,"Plexus Capital, LLC",2017,77677196,752523,Mezzanine,Hybrid,No,"Michael Painter",mpainter@plexuscap.com,"(919) 256-6355"
"Plexus Fund V-A, LP",Raleigh,NC,"Plexus Capital, LLC",2020,250000000,1636683,"Hybrid Debt/Equity","Private Equity",Yes,"Ronda Penn",rpenn@plexuscap.com,"(919) 256-6355"
"Plexus Fund V-B, LP",Raleigh,NC,"Plexus Capital, LLC",2020,99763840,636812,"Hybrid Debt/Equity","Private Equity",Yes,"Ronda Penn",rpenn@plexuscap.com,"(919) 256-6355"
"Plexus Fund V-C, L.P.",Raleigh,NC,"Plexus Capital, LLC",2020,72387498,476486,Mezzanine,Hybrid,Yes,"Ronda Penn, CFO",rpenn@plexuscap.com,919-256-6355
"Plexus Fund V-C, LP",Raleigh,NC,"Plexus Capital, LLC",2020,72387498,,"Hybrid Debt/Equity","Private Equity",Yes,"Ronda Penn",rpenn@plexuscap.com,"(919) 256-6355"
"Plexus Fund VII-A, L.P.",Raleigh,NC,"Plexus Capital, LLC",2025,277000000,,"Hybrid Debt/Equity","Private Credit",Yes,"Michael Painter",mpainter@plexuscap.com,919-256-6341
"Propel Venture Partners US Fund I, L.P.","San Francisco",CA,"Propel Venture Partners",2016,150722819,1961716,Mezzanine,Hybrid,No,"Jay Reinemann",jay@propel.vc,"(415) 794-9634"
"Providence Investment Partners I LP",Dallas,TX,"Providence Investment Managers LLC",2024,61952535,1961716,"Hybrid Debt/Equity",Hybrid,Yes,"John Turner",jturner@providenceip.com,214-912-0064
"QS Capital Strategies II LP","New York",NY,"Quilvest Capital Partners USA, Inc.",2020,93584304,,"Direct Lending","Private Credit",Yes,"Benton Cummings",bcummings@quilvestcapital.com,"(212) 920-3851"
"QS Capital Strategies II, L.P.","New York",NY,"Quilvest Capital Partners",2020,234989000,2978863,Mezzanine,Hybrid,Yes,"Benton Cummings",bcummings@quilvestusa.com,212-920-3851
"QS Capital Strategies III, L.P.","New York",NY,"Quilvest Capital Partners USA, Inc.",2026,41822722,,Mezzanine,"Private Credit",Yes,"Benton Cummings",bcummings@quilvestcapital.com,212-920-3851
"RCS SBIC Fund II, L.P.",Boston,MA,"Riverside Investment Management Company, LLC",2021,280025000,7251889,"Direct Lending","Private Credit",Yes,"Doug England",dengland@riversidecompany.com,"(216) 535-1768"
"Renovus Capital Partners II, L.P.",Wynnewood,PA,"Renovus Capital Partners",2016,302775000,8767944,Buyout,"Private Equity",No,"Atif Gilani",atif.gilani@renovuscapital.com,"(610) 848-7706"
"Renovus Capital Partners III, L.P.",Wayne,PA,"Renovus Capital Partners",2021,359500000,6065494,Buyout,"Private Equity",Yes,"Bradley Whitman",brad.whitman@renovuscapital.com,"(610) 848-7702"
"Renovus Capital Partners IV SBIC, L.P.",Wayne,PA,"Renovus Capital Partners",2024,227000000,6065494,Buyout,"Private Equity",Yes,"Jean Tucker",jean.tucker@renovuscapital.com,610-848-7700
"Resolute Capital Partners Fund IV, L.P.",Nashville,TN,"Resolute Capital Partners",2018,321524600,1991116,"Hybrid Debt/Equity",Hybrid,No,"William Nutter",bill@resolutecap.com,"(615) 665-3636"
"Resolute Capital Partners Fund V-A, L.P.",Nashville,TN,"Resolute Capital Partners",2021,199245000,2163376,"Hybrid Debt/Equity",Hybrid,Yes,"William Nutter",bill@resolutecap.com,"(615) 665-3636"
"Resolute Capital Partners Fund V-B, L.P.",Nashville,TN,"Resolute Capital Partners",2021,199245000,2163376,"Hybrid Debt/Equity",Hybrid,Yes,"William Nutter",bill@resolutecap.com,"(615) 665-3636"
"Resolute Capital Partners Fund VI-A, L.P.",Nashville,TN,"Resolute Capital Partners",2026,79670000,,"Hybrid Debt/Equity",Hybrid,Yes,"William Nutter",bill@resolutecap.com,615-665-1110
"Resolute Capital Partners Fund VI-B, L.P.",Nashville,TN,"Resolute Capital Partners",2026,73120000,,"Hybrid Debt/Equity",Hybrid,Yes,"Casey Hammontree",casey@resolutecap.com,615-665-1110
"Reynolda Equity Partners V, L.P.",Winston-Salem,NC,"Five Points Capital, Inc.",2024,59716397,,"Growth Equity","Private Equity",Yes,"S. Whitfield Edwards",wedwards@fivepointscapital.com,336-733-0350
"RF Investment Partners SBIC II, L.P.","New York",NY,"RF Investment Management Company, LLC",2022,278550000,2339234,Mezzanine,Hybrid,Yes,"Peter Rothschild",prothschild@rf-partners.com,212-590-2440
"RF Investment Partners SBIC, L.P.","New York",NY,"RF Investment Management Company, LLC",2018,275601966,2156420,Mezzanine,Hybrid,No,"Peter Rothschild",prothschild@rf-partners.com,215-590-2440
"RFE Investment Partners IX, L.P.","New Canaan",CT,"RFE Investment Partners",2020,362303272,2614192,Buyout,"Private Equity",Yes,"Donald Juricic",djuricic@rfeip.com,"(203) 966-2800"
"RFE Investment Partners X, L.P.",Westport,CT,"RFE Management Corporation",2026,55080000,,Buyout,"Private Equity",Yes,"James Parsons",jparsons@rfeip.com,203-966-2800
"Ridgeline Ventures Fund II-S L.P.",Memphis,TN,"Ridgeline Capital Management, LLC",2024,216841900,,"Early Venture",Venture,Yes,"Ryan Clinton",ryan@ridgeline.vc,202-670-2550
"River Cities Financial Institutions Fund V, L.P.",Cincinnati,OH,"River Cities Management, Inc.",2014,24048000,250098,"Growth Equity","Growth Equity",No,"Adrienne Vannarsdall",avannarsdall@rccf.com,"(513) 621-9700"
"Riverside Micro-Cap Fund III, L.P.","New York",NY,"Riverside Partners, LLC",2014,334222017,4322866,Buyout,"Private Equity",No,"Doug England",dengland@riversidecompany.com,"(216) 535-1768"
"Rochefort Ventures LP","West Palm Beach",FL,"Rochefort Asset Management LLC",2024,278090000,21900000,"Direct Lending","Private Credit",Yes,"Steele Schottenheimer",ss@haymancapital.com,917-916-6224
"Route 2 Capital Partners SBIC II, L.P.","Mount Pleasant",SC,"Route 2 Capital Partners",2023,87200000,8171579,Mezzanine,"Private Credit",Yes,"Spalding White",swhite@route2capital.com,"(470) 632-1554"
"Route 2 Capital Partners SBIC, L.P.","Mount Pleasant",SC,"Route 2 Capital Partners",2018,205408000,3077026,Mezzanine,"Private Credit",No,"Scott Kester",skester@route2capital.com,"(864) 421-5203"
"Salem Investment Partners IV, LP",Greensboro,NC,"Salem Investment Partners",2015,111000000,1558708,Mezzanine,"Private Credit",No,"Kevin Jessup",kjessup@salemip.com,"(336) 245-4747"
"Salem Investment Partners V, LP",Greensboro,NC,"Salem Investment Partners",2021,185040000,2627677,Mezzanine,"Private Credit",Yes,"Kevin Jessup",kjessup@salemip.com,"(336) 245-4747"
"Salem Investment Partners VI, Limited Parternship",Greensboro,NC,"Salem Investment Partners",2024,65486000,,Mezzanine,"Private Credit",Yes,"Kevin Jessup",kjessup@salemip.com,336-245-4747
"Salem Investment Partners VI, Limited Partnership",Greensboro,NC,"Salem Investment Partners",2023,45248000,4031731,Mezzanine,"Private Credit",Yes,"Kevin Jessup",kjessup@salemip.com,336-245-4747
"Saratoga Investment Corp. SBIC II L.P.","New York",NY,"Saratoga Investment Advisors",2019,87500000,,"Direct Lending","Private Credit",Yes,"Michael Grisius",mgrisius@saratogapartners.com,"(212) 906-7333"
"Saratoga Investment Corp. SBIC II LP","New York",NY,"Saratoga Investment Advisors",2019,262500000,4747210,"Direct Lending","Private Credit",No,"Michael Grisius",mgrisius@saratogapartners.com,212-906-7333
"Saratoga Investment Corp. SBIC III LP","New York",NY,"Saratoga Investment Advisors",2022,200100000,3679477,"Direct Lending","Private Credit",Yes,"Michael Grisius",mgrisius@saratogapartners.com,"(212) 906-7333"
"SBJ Elevation Fund, L.P.","Walnut Creek",CA,"SBJ Elevation, LLC",2025,175000000,,"Hybrid Debt/Equity",Hybrid,Yes,"Gus Spanos",gus@sbjcap.com,443-204-1405
"SBJ Fund, LP","Walnut Creek",CA,"SBJ Capital",2014,147745136,3530723,Multiple,"Private Equity",No,"Gus Spanos",gus@sbjcap.com,"(415) 848-1990"
"Seacoast Capital Partners V, L.P.",Danvers,MA,"Seacoast Capital",2023,110674962,11320833,"Hybrid Debt/Equity","Growth Equity",Yes,"Thomas Gorman",tgorman@seacoastcapital.com,"(978) 750-1300"
"SharpVue Capital Credit Fund II, L.P.",Raleigh,NC,"SharpVue Capital",2021,175870833,3636919,Mezzanine,"Private Credit",Yes,"James Burke",james.burke@sharpvuecap.com,"(919) 890-0528"
"SharpVue Capital Credit Fund III, L.P.",Raleigh,NC,"SharpVue SBIC Management, L.P.",2024,243000000,,Mezzanine,"Private Credit",Yes,"James Burke",james.burke@sharpvuecap.com,919-890-0528
"Signal Peak Ventures IV-A, L.P.","Salt Lake City",UT,"Signal Peak Operations, LLC",2025,39126984,,"Early Venture",Venture,Yes,"Travis Heath",travis@run.vc,"(801) 647-0503"
"Siguler Guff SBIC Fund II, L.P.","New York",NY,"Siguler Guff & Company",2023,104352100,3534370,Mezzanine,Hybrid,Yes,"Sean Greene",sgreene@sigulerguff.com,"(202) 415-8020"
"Siguler Guff SBIC Fund, L.P.","New York",NY,"Siguler Guff & Company",2020,54638054,1104312,Mezzanine,Hybrid,Yes,"Sean Greene",sgreene@sigulerguff.com,"(617) 648-2134"
"Silver Lake Waterman Fund III-S, L.P.","Menlo Park",CA,"Silver Lake Waterman Mangement Company, LLC",2022,175000000,2924222,Multiple,Hybrid,No,"Thomas Conneely",tom.conneely@silverlake.com,"(415) 730-8858"
"SJF Ventures III, LP",Durham,NC,"SJF Management LLC",2012,78803030,495549,Venture,Venture,No,"David A. Kirkpatrick",dkirk@sjfventures.com,"(919) 530-1177"
"Skyline Investors I, LP","Los Angeles",CA,"Skyline Investors",2024,52275750,7500000,"Hybrid Debt/Equity",Hybrid,Yes,"Kevin Tom",kevin@skylineinv.com,720-883-7205
"Small Business Community Capital II, L.P.",Norwalk,CT,"Small Business Community Capital, LLC",2015,110458008,1191285,Mezzanine,Hybrid,No,"Jay Garcia",jgarcia@sbccfund.com,"(646) 206-3284"
"Snowpoint Ventures II - S&T, LP","Palm Beach",FL,"Snowpoint Ventures Management LLC",2025,60550000,,Venture,Venture,Yes,"Alexander Oliver Creasey",alex@snowpoint.vc,415-305-0752
"Snowpoint Ventures II – S&T, LP","Palm Beach",FL,"Snowpoint Ventures Management LLC",2025,60550000,,Venture,Venture,Yes,"Alexander Oliver Creasey",alex@snowpoint.vc,415-305-0752
"Sound Growth Partners Fund I, LP",Edmonds,WA,"Sound Growth Partners Fund 1, GP",2024,275000000,20500000,Buyout,"Private Equity",Yes,"Peter Roushdy",peroushdy@gmail.com,301-518-4239
"Source Capital Credit Opportunities IV, L.P.",Atlanta,GA,"Source Capital, LLC",2021,186845752,3354336,"Direct Lending","Private Credit",Yes,"Thomas Harbin",tomharbin@source-cap.com,"(404) 249-9330"
"Source Capital Credit Opportunities V, LP",Atlanta,GA,"Source Capital, LLC",2024,109330000,8500000,"Hybrid Debt/Equity",Hybrid,Yes,"Thomas Harbin",tomharbin@source-cap.com,404-249-9330
"Southfield Mezzanine Capital II, L.P.",Greenwich,CT,"Southfield Mezzanine Associates LLC",2020,173600000,2619180,Mezzanine,"Private Equity",Yes,"Steven Axel",saxel@southfieldmezz.com,"(203) 813-4100"
"Southfield Mezzanine Capital III LP",Greenwich,CT,"Southfield Capital",2025,241700000,,Mezzanine,"Private Equity",Yes,"Steven Axel",saxel@southfieldmezz.com,203-813-4100
"Southfield Mezzanine Capital LP",Greenwich,CT,"Southfield Mezzanine Associates LLC",2013,76480688,1698369,Mezzanine,"Private Equity",No,"Steven Axel",saxel@southfieldmezz.com,"(203) 813-4100"
"Spell Capital Mezzanine Partners SBIC II, L.P.",Minneapolis,MN,"Spell Capital Partners, LLC",2017,204946142,2468189,Mezzanine,"Private Credit",No,"Andrea Nelson",andrea@spellcapital.com,"(612) 843-1545"
"Spring Capital Partners III, L.P.",Lutherville,MD,"Spring Capital Partners",2013,58237770,1901184,Mezzanine,"Private Credit",No,"Robert Stewart",rms@springcap.com,"(410) 685-8007"
"Spring Capital Partners IV, L.P.",Lutherville,MD,"Spring Capital Partners",2020,183500000,3302355,Mezzanine,"Private Credit",Yes,"John Acker",jca@springcap.com,"(410) 685-8007"
"Spring Capital Partners V, L.P.",Lutherville,MD,"Spring Capital Management Company",2025,78938334,,Mezzanine,"Private Credit",Yes,"John Acker",jca@springcap.com,410-685-8000
"St. Cloud Capital Partners III SBIC, LP","Los Angeles",CA,"St. Cloud Capital, LLC",2015,145436103,1889872,Mezzanine,Hybrid,No,"Kacy Rozelle",krozelle@stcloudcapital.com,"(310) 475-2700"
"St. Cloud Capital Partners IV SBIC, LP","Los Angeles",CA,"St. Cloud Capital, LLC",2022,132945000,5140625,Mezzanine,Hybrid,Yes,"Kacy Rozelle",krozelle@stcloudcapital.com,"(310) 475-2700"
"Star Mountain SBIC Fund II, L.P.","New York",NY,"Star Mountain Fund Management, LLC",2024,39020000,5140625,"Direct Lending","Private Credit",Yes,"Brett Hickey",brett.hickey@starmountaincapital.com,212-810-9044
"Star Mountain SBIC Fund II, LP","New York",NY,"Star Mountain Fund Management, LLC",2024,106225000,,"Direct Lending","Private Credit",Yes,"Brett Hickey",brett.hickey@starmountaincapital.com,212-810-9044
"Star Mountain SBIC Fund, L.P.","New York",NY,"Star Mountain Capital",2021,290580000,3248152,Mezzanine,Hybrid,Yes,"Brett Hickey",brett.hickey@starmountaincapital.com,"(646) 787-0222"
"Stellus Capital SBIC II LP",Houston,TX,"Stellus Capital Management",2019,262500000,7672843,"Balanced Venture",Hybrid,No,"W. Todd Huskinson",thuskinson@stelluscapital.com,"(713) 292-5414"
"Stellus Capital SBIC LP",Houston,TX,"Stellus Capital Management",2014,225000000,6944885,"Hybrid Debt/Equity",Hybrid,No,"W. Todd Huskinson",thuskinson@stelluscapital.com,"(713) 292-5414"
"Stifel North Atlantic AM-Forward, LP",Portland,ME,"North Atlantic Capital Corporation",2024,52534843,6944885,Venture,Hybrid,Yes,"Mark Morrissette",mmorrissette@stifel.com,207-772-4470
"Stonehenge Community Impact Fund II, LP",Columbus,OH,"Stonehenge Capital",2026,31585000,,"Direct Lending","Private Credit",Yes,"L'Quentus Thomas",lthomas@stonehengecapital.com,614-246-2456
"Stonehenge Community Impact Fund, L.P.",Columbus,OH,"Stonehenge Capital",2020,178023240,6826945,"Direct Lending","Private Credit",Yes,"L'Quentus Thomas",lthomas@stonehengecapital.com,"(614) 545-7244"
"Stonehenge Growth Equity Fund, L.P.",Tampa,FL,"Stonehenge Capital",2013,22215172,613591,"Growth Equity","Growth Equity",No,"Steven Lux",steve@topmarkpartners.com,"(813) 221-8302"
"Stonehenge Opportunity Fund IV, L.P.",Columbus,OH,"Stonehenge Partners Corp.",2017,237434578,5304856,"Hybrid Debt/Equity",Hybrid,No,"Erin Bender",enbender@stonehengepartners.com,"(614) 246-2476"
"Stonehenge Opportunity Fund V, L.P.",Columbus,OH,"Stonehenge Partners Corp.",2023,285091815,9997416,"Hybrid Debt/Equity",Hybrid,Yes,"Erin Bender",enbender@stonehengepartners.com,"(614) 246-2435"
"Svoboda Capital Fund IV (SBIC), L.P.",Chicago,IL,"Svoboda Capital Partners LLC",2017,38385872,1733972,"Growth Equity","Growth Equity",No,"John Simpson",jsimpson@svoco.com,"(312) 267-8751"
"Tamarix Capital Partners II, L.P.","New York",NY,Tamarix,2022,120345786,8619375,"Hybrid Debt/Equity",Hybrid,Yes,"Mark Hauser",mhauser@tamarixcapital.com,"(212) 430-8400"
"TCPC SBIC, LP","Santa Monica",CA,"Tennenbaum Capital Partners, LLC",2014,247500000,4807225,"Balanced Venture","Private Credit",No,"Erik Cuellar",erik.cuellar@blackrock.com,310-651-4240
"Tecum Capital Partners II, L.P.",Wexford,PA,"Tecum Capital",2017,179046048,3574773,Mezzanine,Hybrid,No,"Stephen Gurgovits",sgurgovits@tecum.com,"(724) 602-4401"
"Tecum Capital Partners III, L.P.",Wexford,PA,"Tecum Capital",2021,257897353,5369119,Mezzanine,Hybrid,Yes,"Stephen Gurgovits",sgurgovits@tecum.com,"(312) 750-3617"
"Tecum Capital Partners IV, L.P.",Wexford,PA,"Tecum Capital Management, Inc. (TMC)",2025,234604488,,Mezzanine,Hybrid,Yes,"Stephen Gurgovits",sgurgovits@tecum.com,724-602-4399
"TGEF III, L.P.",Tampa,FL,"Topmark Partners",2020,48954299,1848214,"Growth Equity","Growth Equity",Yes,"Steven Lux",steve@topmarkpartners.com,"(813) 221-8302"
"The Central Valley Fund III (SBIC), L.P.",Davis,CA,"CVF Capital Partners",2017,63750500,,Mezzanine,"Private Equity",Yes,"Edward McNulty",emcnulty@cvfcapitalpartners.com,530-757-7004
"TR-SOF II LP","New York",NY,"Turning Rock Partners",2024,182500000,,"Direct Lending","Private Credit",Yes,"Saba Ahmad",sahmad@turningrockpartners.com,212-207-2396
"Tree Line SBIC, LP","San Francisco",CA,"Tree Line Capital Partners, LLC",2024,94105188,5720934,"Direct Lending","Private Credit",Yes,"Tom Quimby",tquimby@treelinecp.com,"(415) 795-7580"
"Triad Investments LP","New York",NY,"Triad Investments",1984,919715,165832,"Direct Lending","Private Credit",No,"Sahra Halpern",shalpern@bcfcapital.com,"(212) 243-7360"
"True West Capital Partners Fund II, L.P.","Los Angeles",CA,"True West Capital Partners",2015,120778238,4083718,Buyout,Hybrid,No,"Steven Wilkins",srw@truewestcp.com,"(503) 517-4628"
"True West Capital Partners Fund III, L.P.","Los Angeles",CA,"True West Capital Partners",2020,222752532,3772832,Buyout,Hybrid,Yes,"Steven Wilkins",srw@truewestcp.com,"(503) 517-4628"
"True West Capital Partners Fund IV, LP","Los Angeles",CA,"True West Management Company, LLC",2026,100000000,,Mezzanine,"Private Credit",Yes,"Steven Wilkins",srw@truewestcp.com,503-961-5646
"TTGA SBIC Pioneer Fund I, L.P.",Cincinnati,OH,"The Tokarz Group Advisers, LLC",2021,168500000,5853604,Mezzanine,Hybrid,Yes,"David  J. Williams",david.williams@ttga.com,"(513) 725-1861"
"TZP SBIC Partners I, L.P.","New York",NY,"TZP SBIC Fund Manager I, L.P.",2024,57341828,5853604,Buyout,"Private Credit",Yes,"Samuel Katz",skatz@tzpgroup.com,212-398-0300
"UMB Capital Corporation","Kansas City",MO,"UMB Bank",1983,53410000,1108635,"Hybrid Debt/Equity",Hybrid,No,"Tedd Carew",tedd.carew@umb.com,"(816) 860-1575"
"University Ventures, Inc.","New Brunswick",NJ,"University Ventures",1983,3426000,335848,"Direct Lending","Private Credit",No,"Leah Apgar",lapgar@njclf.com,"(732) 640-2061"
"Valesco Fund II, L.P.",Dallas,TX,"Valesco Industries",2016,251949798,6110954,"Hybrid Debt/Equity",Hybrid,No,"Daniel H. Moore",bmoore@valescoind.com,214-880-8690
"Valesco Fund II, LP",Dallas,TX,"Valesco Industries",2016,163537583,,Buyout,"Private Equity",Yes,"Julie Davenport",jdavenport@valescoind.com,"(214) 880-8690"
"Valesco Fund III, L.P.",Dallas,TX,"Valesco Industries",2023,396743207,15083333,"Hybrid Debt/Equity",Hybrid,Yes,"Julie Davenport",jdavenport@valescoind.com,"(214) 393-2533"
"Verde Capital Partners, LP",Houston,TX,"Azul Management Company, LLC",2025,87500000,,"Hybrid Debt/Equity","Private Equity",Yes,"Todd Fisk",todd@bluestemequity.com,713-775-0450
"Vocap Partners IV SBIC, L.P.","Vero Beach",FL,"Vocap Investment Partners",2025,115267500,,"Growth Equity",Venture,Yes,"Michael Becker",mike@vocap.vc,404-386-0890
"Walden Venture Capital VIII SBIC, L.P.",Woodside,CA,"Walden Venture Capital",2013,73824223,822889,Venture,Venture,No,"Matt Miller",matt@waldenvc.com,"(415) 273-4242"
"Wasatch Venture Fund II, LLC","Salt Lake City",UT,"Wasatch Management Partners, LLC",1999,16000000,822889,Venture,Venture,No,"Nick Efstratis",epic@cornerstone.vc,"(801) 524-8936"
"Wasatch Venture Fund III, L.L.C.","Salt Lake City",UT,"Wasatch Management Partners, LLC",2001,17590108,237865,Venture,Venture,No,"Nick Efstratis",epic@cornerstone.vc,801-524-8939
"Wells Fargo Strategic Capital SBIC, L.P.",Charlotte,NC,"Wells Fargo Central Pacific Holdings. Inc",2020,200000000,5818365,"Hybrid Debt/Equity",Hybrid,Yes,"Tim Rafalovich",tim.rafal@wellsfargo.com,949-251-4321
"Willow Tree Credit Partners SBIC, LP","New York",NY,"Willow Tree Credit Partners",2019,195790373,2831492,Venture,"Private Credit",Yes,"James Roche",roche@willowtreelp.com,"(212) 218-1080"
"Z2 SBIC I, LP",Stamford,CT,"Z2 SBIC Partners, LP",2026,59357850,,"Hybrid Debt/Equity","Private Credit",Yes,"Scott Gold",scott@z2mgmt.com,914-393-5405
"Zions SBIC, L.L.C.","Salt Lake City",UT,Zions,2001,100000000,533925,"Hybrid Debt/Equity",Hybrid,No,"Nick Efstratis",epic@cornerstone.vc,"(801) 524-8939"